"Timestamp","Username","Your Name:","Type of Request","Paste the URL of the page that needs updated (if this is new content, leave blank)","Enter the text content that needs to be added/updated (OR upload a text/PDF file)","Upload Document or PDF file that contents the web page content.","Enter any images that should be included with the content.","If this is time-sensitive information, please enter the date by which the information needs to be included."
"2021/11/05 10:18:06 AM AST","bedwards@stonehavenschool.org","Brett","Typos/Grammar/Incorrect Information","http://www.stonehavenschool.org/about-us/administration.html","Number of things for this. 1) Remove Lexi Keesee from page; 2) In Kathryn Jackson section, change the word pouring to poring; 3) change the four numbers in Melissa Hobson section, basically add four years to each number... 20 to 24, 17 to 21, 12 to 16, 10 to 14; 4) change the four numbers in Kathryn Jackson section, add four years to each number... 20 to 24, 15 to 19, 13 to 17, 11 to 15; 5) In Hannah Miley section, remove the now Aon Hewitt parentheses part; 6) In Hannah Miley section, add four to all numbers, 15 to 19, 3rd to 7th, 5th to 9th, ","","","2021-11-30"
"2021/11/05 10:23:24 AM AST","bedwards@stonehavenschool.org","Brett Edwards","Update current information","http://www.stonehavenschool.org/about-us/strategicplan.html","We will have our new strategic plan ready for January. Therefore, we are just trying to get this page to not sound ""old"". So... 1) delete the second paragraph that starts with the school has enjoyed...  that's it.","","","2021-11-30"
"2021/11/05 10:38:27 AM AST","bedwards@stonehavenschool.org","Brett Edwards","Other","http://www.stonehavenschool.org/index.html","I am attaching an image to replace the frog and toad reading image (Giancarlo). I have tried to name it the same so all we need to do is upload this image to the upload directory and I think we are good. ","","https://drive.google.com/u/3/open?usp=forms_web&id=1w40tJLOOM1sJxVCe2EWjZJ1HyBpjDFOk","2021-11-30"
"2021/11/05 11:18:07 AM AST","bedwards@stonehavenschool.org","Brett Edwards","Update current information","http://www.stonehavenschool.org/index.html","Going to try and give all the update information for the News & Updates Section. I don't love this section as it needs more updating but we'll see if it can survive. I am going to attach four images that are labeled news-pic-1, news-pic-2, news-pic-3, news-pic-4... maybe the best way forward is to keep this image names and simply update photos. The news-pic-1 image is the bigger image to go in left picture box. 2,3, and 4 are the three on the right. Here are updates for each part... 1) Big image box, change picture to news-pic-1, change date to November 3, 2021, 
Change FACILITY / UPPER SCHOOL to STUDENTS / ATHLETICS, change title of update to JV Basketball Defeats Core School, and change link to https://www.facebook.com/stonehavenschool/photos/pcb.4571753569529253/4571742999530310/  2) change picture to news-pic-2, change date to October 29, 2021, change label to STUDENTS / EVENTS, change title to Students Celebrate Reformation Day, and change link to https://www.facebook.com/stonehavenschool/photos/pcb.4557576670946943/4557576380946972 3) change picture to news-pic-3, change date to October 29, 2021, change label to STUDENTS / EVENTS, change title to Braves Day at Stonehaven, change link to https://www.facebook.com/stonehavenschool/photos/pcb.4554191991285411/4554191767952100/ 4) change picture to news-pic-4, change date to October 25, 2021, change label to STUDENTS / SERVICE, change title to Conasauga River Clean Up Day, change link to https://www.facebook.com/stonehavenschool/photos/pcb.4543754038995873/4543733588997918/ 

I will send other images in a follow-up email. ","","https://drive.google.com/u/3/open?usp=forms_web&id=1s5vERvykaVuwC37DxEex7w8H-yocaZKf","2021-11-30"
"2021/11/05 11:24:33 AM AST","bedwards@stonehavenschool.org","Brett Edwards","Update current information","http://www.stonehavenschool.org/index.html","Updates to Upcoming Events Section... 

7 
DEC
Christmas Program
7:00pm
Open Bible Tabernacle

14 
DEC
Christmas Bazaar
9:00am
Lower School 

16 
DEC
9th-10th Progressive Dinner
6:30pm
Various Locations
","","","2021-11-30"
"2021/11/05 11:26:04 AM AST","bedwards@stonehavenschool.org","Brett Edwards","Update current information","http://www.stonehavenschool.org/index.html","Please remove years from parent survey quotes and just leave as Parent Survey  ","","","2021-11-30"
"2021/11/05 11:32:41 AM AST","bedwards@stonehavenschool.org","Brett Edwards","Update current information","http://www.stonehavenschool.org/index.html","Update the Wesley Scheidt image, I think it is about-bg-5 and I have named it the same so hopefully all we need to do is upload the attached image into upload directory. ","","https://drive.google.com/u/3/open?usp=forms_web&id=1KZWUzNShvOwzP_8wv05FNnvEiAzcUKtZ","2021-11-30"
"2021/11/05 11:41:22 AM AST","bedwards@stonehavenschool.org","Brett Edwards","Update current information","http://www.stonehavenschool.org/about-us/school-history.html","Change final history paragraph to the following....

Stonehaven recognized its largest enrollment ever in 2021-2022 of 214 students. With a beautiful new Upper School building on eight acres of land on Old Concord Road in Marietta and the purchase of a 23,000sf church building one-half of a mile down the road, Stonehaven has found its new home in the Fair Oaks neighborhood of Marietta. With a remarkable group of educators and families partnering together, the school is planning to grow enrollment to a maximum of 500 students over the next ten years.","","","2021-11-30"
"2021/11/05 11:48:09 AM AST","bedwards@stonehavenschool.org","Brett Edwards","Update current information","http://www.stonehavenschool.org/academics/classical.html","Change piano picture with the attached. Named it the same so just need to upload to the upload directory. ","","https://drive.google.com/u/3/open?usp=forms_web&id=1LxPprxT9kEdEZDIyKokMttcVI0G6Ym8K","2021-11-30"
"2021/11/05 12:04:54 PM AST","bedwards@stonehavenschool.org","Brett Edwards","Other","http://www.stonehavenschool.org/parents/r2g2podcast.html","I was hoping the podcast was going to be resurrected but I think we have a little bit before we get back on the ball. Probably best to delete this page from the menus on each page. :(","","","2021-11-30"
"2021/11/05 12:09:49 PM AST","bedwards@stonehavenschool.org","Brett Edwards","Update current information","http://www.stonehavenschool.org/support/giving.html","Change main banner picture. Same image name, so upload to upload directory. ","","https://drive.google.com/u/3/open?usp=forms_web&id=1BGe-nJWCd_ZI1RQ1LPSiZIWbYZ9DwxEN","2021-11-30"
"2021/11/05 12:13:17 PM AST","bedwards@stonehavenschool.org","Brett Edwards","Update current information","http://www.stonehavenschool.org/support/knight-fund.html","Change banner image. Same image name computer-eyes. ","","https://drive.google.com/u/3/open?usp=forms_web&id=1YLAjQYbd-6XNooozqt33wjMgkYm8G1Tp","2021-11-30"
"2021/11/05 12:21:58 PM AST","bedwards@stonehavenschool.org","Brett Edwards","Update current information","http://www.stonehavenschool.org/student-life/video-library.html","Hopefully the attached file makes this easy. Just updating the page with six more videos. ","https://drive.google.com/u/3/open?usp=forms_web&id=1JT96x9zDwRxZRZVNu0GQ1hQYC1c72nE0","","2021-11-30"
"2021/11/05 12:29:02 PM AST","bedwards@stonehavenschool.org","Brett Edwards","Update current information","http://www.stonehavenschool.org/student-life/after-school.html","Update banner pic. Same name into upload directory. ","","https://drive.google.com/u/3/open?usp=forms_web&id=1l6zvIc2zC5ZjrKA0T3OWmTB2mNbW5CUg","2021-11-30"
"2021/11/05 3:58:11 PM AST","bedwards@stonehavenschool.org","Brett Edwards","Update current information","http://www.stonehavenschool.org/student-life/enrichment.html","1) Change 2019-2020 to 2021-2022; 2) Drama section - change 3rd-9th to 3rd-10th, Changes dates to September 7th - April, delete performance line, change Fridays to Tuesdays, change Willy Wonka Jr. to the Sound of Music, delete the ""Practice will take place"" sentence; 3) No changes to Piano, 4) Delete Steam Generation section 5) Study Lab section, change Canon Jackson to Upper School teachers, change K-9th to 7th-10th, remove season line, remove Day & Time line and simply add a line that says: Contact: Mr. Proffitt and the final description to ""The after school study lab creates a quiet space for students to work on their academics, receive tutoring help from teachers, and develop healthy study habits. Currently, we are offering the study lab in the Upper School for students in 7th through 10th grade."" ","","","2021-11-30"
"2021/11/05 4:35:35 PM AST","bedwards@stonehavenschool.org","Brett Edwards","Update current information","http://stonehavenschool.org/student-life/house.html","Change image towards the bottom, the one of Wesley Scheidt with flag. I have given it the same name so upload to upload directory... ","","https://drive.google.com/u/3/open?usp=forms_web&id=1gR3kjKgL4-Ez7Wc_7s2L45gsx6pVAlJA","2021-11-30"
"2021/11/05 4:51:16 PM AST","bedwards@stonehavenschool.org","Brett Edwards","Update current information","http://stonehavenschool.org/student-life/house.html","Some things here... 1) change picture part to make it ""taller"", I don't love the skinny image... the attached html snippet file hopefully can help, it is copied and edited from the admissions-process page and 2) insert the new picture house-group-pic 3) Put Heather Martin as Head of House for St. Andrews and Kevin Cown as Head of House for Trinity","https://drive.google.com/u/3/open?usp=forms_web&id=1TvMQzhPIPrNeTBYVUvQqawtRKF_s20nR","https://drive.google.com/u/3/open?usp=forms_web&id=1lZSSaBrVwc-TZlwX2nRglphjt-Kl0eRv","2021-11-30"
"2021/11/05 4:53:21 PM AST","bedwards@stonehavenschool.org","Brett Edwards","Typos/Grammar/Incorrect Information","http://stonehavenschool.org/support/giving.html","Change 505 Atlanta St to 1480 Joyner Avenue in the blue box on the right. ","","","2021-11-30"